--
-- PostgreSQL database dump
--

-- Started on 2007-11-14 00:43:31 CET

SET client_encoding = 'LATIN2';
SET standard_conforming_strings = off;
SET check_function_bodies = false;
SET client_min_messages = warning;
SET escape_string_warning = off;

--
-- TOC entry 1664 (class 0 OID 0)
-- Dependencies: 4
-- Name: SCHEMA public; Type: COMMENT; Schema: -; Owner: postgres
--

COMMENT ON SCHEMA public IS 'Standard public schema';


SET search_path = public, pg_catalog;

SET default_tablespace = '';

SET default_with_oids = false;

--
-- TOC entry 1281 (class 1259 OID 40304)
-- Dependencies: 4
-- Name: member; Type: TABLE; Schema: public; Owner: dev; Tablespace:
--

CREATE TABLE member (
    id bigint NOT NULL,
    name character varying(255),
    confirmed boolean
);


ALTER TABLE public.member OWNER TO root;

--
-- TOC entry 1277 (class 1259 OID 40288)
-- Dependencies: 4
-- Name: booking; Type: TABLE; Schema: public; Owner: root; Tablespace: 
--

CREATE TABLE car (
    id bigint NOT NULL,
    "year" character varying(255),
    modelname character varying(255),
    car_class_id bigint NOT NULL,
    owner_id bigint
);


ALTER TABLE public.car OWNER TO root;

--
-- TOC entry 1280 (class 1259 OID 40300)
-- Dependencies: 4
-- Name: location; Type: TABLE; Schema: public; Owner: root; Tablespace: 
--

CREATE TABLE "location" (
    id integer NOT NULL,
    name character varying(255)
);


ALTER TABLE public."location" OWNER TO root;

--
-- TOC entry 1282 (class 1259 OID 40308)
-- Dependencies: 4
-- Name: car_class; Type: TABLE; Schema: public; Owner: root; Tablespace: 
--

CREATE TABLE car_class (
    id bigint NOT NULL,
    name character varying(255),
    shortname character varying(255),
    yearfrom smallint,
    yearto smallint NOT NULL
);


ALTER TABLE public.car_class OWNER TO root;

--
-- TOC entry 1283 (class 1259 OID 40312)
-- Dependencies: 4
-- Name: season; Type: TABLE; Schema: public; Owner: root; Tablespace: 
--

CREATE TABLE season (
    id bigint NOT NULL,
    "year" smallint
);


ALTER TABLE public.season OWNER TO root;

--
-- TOC entry 1284 (class 1259 OID 40316)
-- Dependencies: 4
-- Name: season_location; Type: TABLE; Schema: public; Owner: root; Tablespace: 
--

CREATE TABLE season_location (
    season_id bigint NOT NULL,
    location_id integer NOT NULL
);


ALTER TABLE public.season_location OWNER TO root;

--
-- TOC entry 1285 (class 1259 OID 40318)
-- Dependencies: 4
-- Name: trial_result; Type: TABLE; Schema: public; Owner: root; Tablespace: 
--

CREATE TABLE trial_result (
    id bigint NOT NULL,
    besttime timestamp without time zone,
    startnumber integer,
    member_id bigint NOT NULL,
    car_id bigint NOT NULL,
    trialtype_id bigint NOT NULL,
    season_id bigint NOT NULL
);


ALTER TABLE public.trial_result OWNER TO root;

--
-- TOC entry 1286 (class 1259 OID 40322)
-- Dependencies: 4
-- Name: trial_type; Type: TABLE; Schema: public; Owner: root; Tablespace: 
--

CREATE TABLE trial_type (
    id bigint NOT NULL,
    name character varying(255),
    location_id integer NOT NULL
);


ALTER TABLE public.trial_type OWNER TO root;


--
-- TOC entry 1651 (class 0 OID 40292)
-- Dependencies: 1278
-- Data for Name: car; Type: TABLE DATA; Schema: public; Owner: root
--

COPY car (id, "year", modelname, car_class_id, owner_id) FROM stdin;
2	\N	911 (996) Turbo	1	1
5	\N	911 (996) Turbo	1	4
8	\N	911 (996) GT3 MK2	2	7
11	\N	911 (996) Turbo	2	10
14	\N	911 (996) TurboS	2	13
17	\N	911 Turbo	2	16
20	\N	944 Turbo S	5	19
23	\N	944 Turbo S	5	22
26	\N	944 Turbo S	5	25
29	\N	944	9	28
32	\N	944	9	31
35	\N	944	9	34
38	\N	944	9	37
\.



--
-- TOC entry 1653 (class 0 OID 40300)
-- Dependencies: 1280
-- Data for Name: location; Type: TABLE DATA; Schema: public; Owner: root
--

COPY "location" (id, name) FROM stdin;
1	Poznañ
2	Wroc³aw
\.


--
-- TOC entry 1654 (class 0 OID 40304)
-- Dependencies: 1281
-- Data for Name: member; Type: TABLE DATA; Schema: public; Owner: root
--


--
-- TOC entry 1655 (class 0 OID 40308)
-- Dependencies: 1282
-- Data for Name: car_class; Type: TABLE DATA; Schema: public; Owner: root
--

COPY car_class (id, name, shortname, yearfrom, yearto) FROM stdin;
1	Porsche Outlaw	A	2007	2007
2	Porsche GT	B	2007	2007
3	Porsche Maxi Plus	C	2007	2007
4	Porsche Maxi	D	2007	2007
5	Porsche Super Sport	E	2007	2007
6	Porsche Sport	F	2007	2007
7	Porsche Profi Plus	G	2007	2007
8	Porsche Profi	H	2007	2007
9	Porsche Street	I	2007	2007
10	Porsche Super	J	2007	2007
11	Porsche Oldtimer	K	2007	2007
\.


--
-- TOC entry 1656 (class 0 OID 40312)
-- Dependencies: 1283
-- Data for Name: season; Type: TABLE DATA; Schema: public; Owner: root
--

COPY season (id, "year") FROM stdin;
1	2007
\.


--
-- TOC entry 1657 (class 0 OID 40316)
-- Dependencies: 1284
-- Data for Name: season_location; Type: TABLE DATA; Schema: public; Owner: root
--

COPY season_location (season_id, location_id) FROM stdin;
1	1
1	2
\.


--
-- TOC entry 1658 (class 0 OID 40318)
-- Dependencies: 1285
-- Data for Name: trial_result; Type: TABLE DATA; Schema: public; Owner: root
--

COPY trial_result (id, besttime, startnumber, member_id, car_id, trialtype_id, season_id) FROM stdin;
3	1970-01-01 00:01:47.371	40	1	2	4	1
6	1970-01-01 00:01:49.904	39	4	5	4	1
9	1970-01-01 00:01:48.912	28	7	8	4	1
12	1970-01-01 00:01:50.536	83	10	11	4	1
15	1970-01-01 00:01:58.095	45	13	14	4	1
18	1970-01-01 00:02:10.726	81	16	17	4	1
21	1970-01-01 00:00:44.51	1	19	20	1	1
24	1970-01-01 00:00:44.93	1	22	23	2	1
27	1970-01-01 00:01:41.45	1	25	26	3	1
30	1970-01-01 00:00:42.57	4	28	29	1	1
33	1970-01-01 00:00:44.04	4	31	32	2	1
36	1970-01-01 00:01:48.80	4	34	35	3	1
39	1970-01-01 00:02:21.726	4	37	38	4	1
\.


--
-- TOC entry 1659 (class 0 OID 40322)
-- Dependencies: 1286
-- Data for Name: trial_type; Type: TABLE DATA; Schema: public; Owner: root
--

COPY trial_type (id, name, location_id) FROM stdin;
1	Ciê¿arówki	1
2	Klomby	1
3	Karting	1
4	Tor Poznañ	1
\.


--
-- TOC entry 1622 (class 2606 OID 40295)
-- Dependencies: 1278 1278
-- Name: car_pkey; Type: CONSTRAINT; Schema: public; Owner: root; Tablespace: 
--

ALTER TABLE ONLY car
    ADD CONSTRAINT car_pkey PRIMARY KEY (id);


ALTER TABLE ONLY customer
    ADD CONSTRAINT customer_pkey PRIMARY KEY (username);


--
-- TOC entry 1626 (class 2606 OID 40303)
-- Dependencies: 1280 1280
-- Name: location_pkey; Type: CONSTRAINT; Schema: public; Owner: root; Tablespace: 
--

ALTER TABLE ONLY "location"
    ADD CONSTRAINT location_pkey PRIMARY KEY (id);


--
-- TOC entry 1628 (class 2606 OID 40307)
-- Dependencies: 1281 1281
-- Name: member_pkey; Type: CONSTRAINT; Schema: public; Owner: root; Tablespace: 
--

ALTER TABLE ONLY member
    ADD CONSTRAINT member_pkey PRIMARY KEY (id);


--
-- TOC entry 1630 (class 2606 OID 40311)
-- Dependencies: 1282 1282
-- Name: car_class_pkey; Type: CONSTRAINT; Schema: public; Owner: root; Tablespace: 
--

ALTER TABLE ONLY car_class
    ADD CONSTRAINT car_class_pkey PRIMARY KEY (id);


--
-- TOC entry 1632 (class 2606 OID 40315)
-- Dependencies: 1283 1283
-- Name: season_pkey; Type: CONSTRAINT; Schema: public; Owner: root; Tablespace: 
--

ALTER TABLE ONLY season
    ADD CONSTRAINT season_pkey PRIMARY KEY (id);


--
-- TOC entry 1634 (class 2606 OID 40321)
-- Dependencies: 1285 1285
-- Name: trial_result_pkey; Type: CONSTRAINT; Schema: public; Owner: root; Tablespace: 
--

ALTER TABLE ONLY trial_result
    ADD CONSTRAINT trial_result_pkey PRIMARY KEY (id);


--
-- TOC entry 1636 (class 2606 OID 40325)
-- Dependencies: 1286 1286
-- Name: trial_type_pkey; Type: CONSTRAINT; Schema: public; Owner: root; Tablespace: 
--

ALTER TABLE ONLY trial_type
    ADD CONSTRAINT trial_type_pkey PRIMARY KEY (id);


--
-- TOC entry 1641 (class 2606 OID 40340)
-- Dependencies: 1278 1282 1629
-- Name: fk103b4a5324b00; Type: FK CONSTRAINT; Schema: public; Owner: root
--

ALTER TABLE ONLY car
    ADD CONSTRAINT fk103b4a5324b00 FOREIGN KEY (car_class_id) REFERENCES car_class(id);


--
-- TOC entry 1643 (class 2606 OID 40350)
-- Dependencies: 1280 1625 1284
-- Name: fk171671915f4c379b; Type: FK CONSTRAINT; Schema: public; Owner: root
--

ALTER TABLE ONLY season_location
    ADD CONSTRAINT fk171671915f4c379b FOREIGN KEY (location_id) REFERENCES "location"(id);


--
-- TOC entry 1644 (class 2606 OID 40355)
-- Dependencies: 1284 1283 1631
-- Name: fk17167191fa5acd1b; Type: FK CONSTRAINT; Schema: public; Owner: root
--

ALTER TABLE ONLY season_location
    ADD CONSTRAINT fk17167191fa5acd1b FOREIGN KEY (season_id) REFERENCES season(id);


--
-- TOC entry 1649 (class 2606 OID 40380)
-- Dependencies: 1286 1280 1625
-- Name: fk3ac212e35f4c379b; Type: FK CONSTRAINT; Schema: public; Owner: root
--

ALTER TABLE ONLY trial_type
    ADD CONSTRAINT fk3ac212e35f4c379b FOREIGN KEY (location_id) REFERENCES "location"(id);


--
-- TOC entry 1646 (class 2606 OID 40365)
-- Dependencies: 1285 1286 1635
-- Name: fk8e0701866eeb45f9; Type: FK CONSTRAINT; Schema: public; Owner: root
--

ALTER TABLE ONLY trial_result
    ADD CONSTRAINT fk8e0701866eeb45f9 FOREIGN KEY (trialtype_id) REFERENCES trial_type(id);


--
-- TOC entry 1645 (class 2606 OID 40360)
-- Dependencies: 1285 1281 1627
-- Name: fk8e070186d3c59dbb; Type: FK CONSTRAINT; Schema: public; Owner: root
--

ALTER TABLE ONLY trial_result
    ADD CONSTRAINT fk8e070186d3c59dbb FOREIGN KEY (member_id) REFERENCES member(id);


--
-- TOC entry 1647 (class 2606 OID 40370)
-- Dependencies: 1285 1278 1621
-- Name: fk8e070186d5681699; Type: FK CONSTRAINT; Schema: public; Owner: root
--

ALTER TABLE ONLY trial_result
    ADD CONSTRAINT fk8e070186d5681699 FOREIGN KEY (car_id) REFERENCES car(id);


--
-- TOC entry 1648 (class 2606 OID 40375)
-- Dependencies: 1285 1283 1631
-- Name: fk8e070186fa5acd1b; Type: FK CONSTRAINT; Schema: public; Owner: root
--

ALTER TABLE ONLY trial_result
    ADD CONSTRAINT fk8e070186fa5acd1b FOREIGN KEY (season_id) REFERENCES season(id);


--
-- TOC entry 1665 (class 0 OID 0)
-- Dependencies: 4
-- Name: public; Type: ACL; Schema: -; Owner: postgres
--

REVOKE ALL ON SCHEMA public FROM PUBLIC;
REVOKE ALL ON SCHEMA public FROM postgres;
GRANT ALL ON SCHEMA public TO postgres;
GRANT ALL ON SCHEMA public TO PUBLIC;


-- Completed on 2007-11-14 00:43:31 CET

--
-- PostgreSQL database dump complete
--

